text,label,source
"After making it as written, it was oily and unpleasant, and the texture made it even worse. The ingredients were not cheap, so this was frustrating.",0,synthetic
"I do not usually leave negative reviews, but it was much too salty, and the texture made it even worse. Something about the proportions seems off.",0,synthetic
"No matter what I adjusted, it fell apart when I tried to serve it. No one at the table asked for seconds.",0,synthetic
"No matter what I adjusted, it was much too salty. I made only one very small substitution. It was one of those dishes that just never recovered. This was not a hit in my house.",0,synthetic
"This recipe looked great, but it was bland even after extra seasoning. I tested it twice with the same result. It was one of those dishes that just never recovered. I do not plan on making it a second time.",0,synthetic
"This recipe looked great, but it ended up pasty. I did not overcook it, either. The timing in the recipe did not match what actually happened.",0,synthetic
"Sadly, it ended up gummy in the center. I did not overcook it, either. It was one of those dishes that just never recovered.",0,synthetic
"I do not usually leave negative reviews, but it was bland even after extra seasoning. I was expecting comfort food, and this was just disappointing.",0,synthetic
"Unfortunately, it was bland even after extra seasoning. I was careful not to skip any steps. The ingredients were not cheap, so this was frustrating. This was not a hit in my house.",0,synthetic
"Sadly, it fell apart when I tried to serve it. It needed a lot more flavor than the recipe gave it. I would not recommend this one.",0,synthetic
"Even when I followed the directions, it was far sweeter than expected, and the texture made it even worse. It sounded better on paper than it tasted in real life.",0,synthetic
"Even when I followed the directions, it was missing something important in the flavor. I gave it plenty of time to rest. The smell was nice, but the taste did not follow through. I would not recommend this one.",0,synthetic
"I gave this a fair try, and it came out dry and crumbly, and the texture made it even worse. I tried adding extra seasoning, but it barely helped.",0,synthetic
"What came out of the oven had a strange aftertaste. I tested it twice with the same result. The smell was nice, but the taste did not follow through.",0,synthetic
"Sadly, it was bland even after extra seasoning. It needed a lot more flavor than the recipe gave it.",0,synthetic
The texture of this dish was bland even after extra seasoning. I made only one very small substitution. I would not serve this to guests. I had to add too much just to make it decent.,0,synthetic
"The texture of this dish came out dry and crumbly, and the texture made it even worse. The ingredients were not cheap, so this was frustrating.",0,synthetic
"My family thought it did not cook evenly, and the texture made it even worse. I followed the instructions closely and still would not make it again.",0,synthetic
"I gave this a fair try, and it ended up gummy in the center. I even used fresh ingredients. The smell was nice, but the taste did not follow through.",0,synthetic
"After making it as written, it was far sweeter than expected, and the texture made it even worse. My kids took one bite and pushed it away.",0,synthetic
"I had high hopes, but it was tough instead of tender. My kids took one bite and pushed it away.",0,synthetic
"No matter what I adjusted, it ended up pasty. I tested it twice with the same result. I do not think the measurements are balanced.",0,synthetic
"In my kitchen, it had a strange aftertaste. No one at the table asked for seconds. The recipe needs more testing before I would trust it again.",0,synthetic
"In my kitchen, it turned out bland and flat. I was careful not to skip any steps. The smell was nice, but the taste did not follow through.",0,synthetic
"Even when I followed the directions, it turned out bland and flat, and the texture made it even worse. The timing in the recipe did not match what actually happened.",0,synthetic
"I do not usually leave negative reviews, but it was watery and messy. I double-checked the oven temperature. The timing in the recipe did not match what actually happened. I do not plan on making it a second time.",0,synthetic
"Sadly, it was oily and unpleasant. My kids took one bite and pushed it away. It definitely did not live up to the ratings.",0,synthetic
"The texture of this dish was oily and unpleasant. The ingredients were not cheap, so this was frustrating.",0,synthetic
"In the end, it looked fine but tasted disappointing. I gave it plenty of time to rest. I tried adding extra seasoning, but it barely helped.",0,synthetic
"I really wanted this to work, but it was bland even after extra seasoning. The timing in the recipe did not match what actually happened.",0,synthetic
"I gave this a fair try, and it turned out bland and flat, and the texture made it even worse. No one at the table asked for seconds.",0,synthetic
The final dish did not cook evenly. I gave it plenty of time to rest. I would rather start over with a different recipe.,0,synthetic
"To be honest, it came out underwhelming. I would not serve this to guests.",0,synthetic
"Unfortunately, it had a strange aftertaste, and the texture made it even worse. I tried adding extra seasoning, but it barely helped.",0,synthetic
"I had high hopes, but it was missing something important in the flavor. I followed the instructions closely and still would not make it again. Next time I will use a completely different recipe.",0,synthetic
"Sadly, it turned out bland and flat. I did not overcook it, either. Something about the proportions seems off.",0,synthetic
"The flavor of this dish did not cook evenly, and the texture made it even worse. It sounded better on paper than it tasted in real life.",0,synthetic
"Sadly, it was missing something important in the flavor. I stuck to the recipe exactly. It needed a lot more flavor than the recipe gave it. This was not a hit in my house.",0,synthetic
"My family thought it was far sweeter than expected. I double-checked the oven temperature. I was expecting comfort food, and this was just disappointing.",0,synthetic
"I really wanted this to work, but it turned out bland and flat, and the texture made it even worse. I do not think the measurements are balanced.",0,synthetic
"I gave this a fair try, and it did not cook evenly. I gave it plenty of time to rest. I would not serve this to guests.",0,synthetic
"In my kitchen, it ended up gummy in the center. The leftovers were even worse the next day.",0,synthetic
"For my taste, it came out underwhelming, and the texture made it even worse. I would rather start over with a different recipe.",0,synthetic
"From the first bite, it came out dry and crumbly. I tried adding extra seasoning, but it barely helped. This was not a hit in my house.",0,synthetic
"I had high hopes, but it fell apart when I tried to serve it. It needed a lot more flavor than the recipe gave it. It definitely did not live up to the ratings.",0,synthetic
My family thought it came out dry and crumbly. It sounded better on paper than it tasted in real life. The recipe needs more testing before I would trust it again.,0,synthetic
"After making it as written, it was bland even after extra seasoning. I would not serve this to guests.",0,synthetic
"After making it as written, it ended up pasty, and the texture made it even worse. I kept checking the pan because it did not look right while cooking.",0,synthetic
"To be honest, it was missing something important in the flavor. The timing in the recipe did not match what actually happened.",0,synthetic
"I really wanted this to work, but it felt heavy and dense. I did not overcook it, either. I was expecting comfort food, and this was just disappointing.",0,synthetic
What came out of the oven felt heavy and dense. I tested it twice with the same result. I kept checking the pan because it did not look right while cooking. The recipe needs more testing before I would trust it again.,0,synthetic
"From the first bite, it was tough instead of tender. It was one of those dishes that just never recovered.",0,synthetic
"After making it as written, it ended up pasty. I double-checked the oven temperature. The timing in the recipe did not match what actually happened. I do not plan on making it a second time.",0,synthetic
"I had high hopes, but it was not worth the effort. I followed the instructions closely and still would not make it again. The recipe needs more testing before I would trust it again.",0,synthetic
"The texture of this dish was not worth the effort. I double-checked the oven temperature. I tried adding extra seasoning, but it barely helped.",0,synthetic
"The flavor of this dish was missing something important in the flavor, and the texture made it even worse. I kept checking the pan because it did not look right while cooking.",0,synthetic
"This recipe looked great, but it was far sweeter than expected. I did not overcook it, either. I was expecting comfort food, and this was just disappointing. I do not plan on making it a second time.",0,synthetic
The flavor of this dish was tough instead of tender. I kept checking the pan because it did not look right while cooking.,0,synthetic
What came out of the oven was not worth the effort. Something about the proportions seems off. This was not a hit in my house.,0,synthetic
"In the end, it was missing something important in the flavor, and the texture made it even worse. I kept checking the pan because it did not look right while cooking.",0,synthetic
"The final dish ended up pasty. I tried it as written before changing anything. I was expecting comfort food, and this was just disappointing. The recipe needs more testing before I would trust it again.",0,synthetic
"To be honest, it was oily and unpleasant. I would not serve this to guests. I had to add too much just to make it decent.",0,synthetic
"No matter what I adjusted, it came out dry and crumbly. I did not overcook it, either. I was expecting comfort food, and this was just disappointing.",0,synthetic
"From the first bite, it had a strange aftertaste. I measured everything carefully. I do not think the measurements are balanced.",0,synthetic
"To be honest, it was oily and unpleasant. I measured everything carefully. The smell was nice, but the taste did not follow through.",0,synthetic
"No matter what I adjusted, it was missing something important in the flavor. I gave it plenty of time to rest. My kids took one bite and pushed it away.",0,synthetic
"From the first bite, it was watery and messy. I gave it plenty of time to rest. No one at the table asked for seconds.",0,synthetic
"Sadly, it was tough instead of tender, and the texture made it even worse. I would not serve this to guests.",0,synthetic
"The flavor of this dish was not worth the effort, and the texture made it even worse. There are much better versions of this online.",0,synthetic
"In my kitchen, it ended up gummy in the center. No one at the table asked for seconds.",0,synthetic
"I had high hopes, but it felt heavy and dense. The timing in the recipe did not match what actually happened.",0,synthetic
"After making it as written, it ended up pasty. Something about the proportions seems off. I would not recommend this one.",0,synthetic
"Unfortunately, it felt heavy and dense, and the texture made it even worse. The ingredients were not cheap, so this was frustrating.",0,synthetic
The final dish turned out bland and flat. No one at the table asked for seconds.,0,synthetic
"In my kitchen, it came out dry and crumbly. I made only one very small substitution. I do not think the measurements are balanced. I would not recommend this one.",0,synthetic
"What came out of the oven ended up pasty. It was edible, but only barely.",0,synthetic
"The flavor of this dish was far sweeter than expected. I tried adding extra seasoning, but it barely helped.",0,synthetic
"I had high hopes, but it did not come together the way it should have. There are much better versions of this online.",0,synthetic
"In the end, it was missing something important in the flavor, and the texture made it even worse. It sounded better on paper than it tasted in real life.",0,synthetic
The final dish was much too salty. I followed the instructions closely and still would not make it again.,0,synthetic
The texture of this dish was far sweeter than expected. I made only one very small substitution. I would not serve this to guests. It definitely did not live up to the ratings.,0,synthetic
"Sadly, it was oily and unpleasant. Something about the proportions seems off. This was not a hit in my house.",0,synthetic
What came out of the oven did not come together the way it should have. I tested it twice with the same result. The timing in the recipe did not match what actually happened.,0,synthetic
"After making it as written, it turned out bland and flat. No one at the table asked for seconds.",0,synthetic
"This recipe looked great, but it came out dry and crumbly. I double-checked the oven temperature. My kids took one bite and pushed it away.",0,synthetic
"In my kitchen, it never really developed much flavor. I tried it as written before changing anything. The ingredients were not cheap, so this was frustrating. The recipe needs more testing before I would trust it again.",0,synthetic
"The final dish was tough instead of tender. I did not overcook it, either. I followed the instructions closely and still would not make it again.",0,synthetic
"Sadly, it was watery and messy, and the texture made it even worse. The leftovers were even worse the next day.",0,synthetic
"From the first bite, it looked fine but tasted disappointing. I gave it plenty of time to rest. I followed the instructions closely and still would not make it again.",0,synthetic
The texture of this dish felt heavy and dense. Something about the proportions seems off.,0,synthetic
"I really wanted this to work, but it came out dry and crumbly. I made only one very small substitution. I do not think the measurements are balanced. The recipe needs more testing before I would trust it again.",0,synthetic
"I do not usually leave negative reviews, but it was much too salty. My kids took one bite and pushed it away. I expected a lot more based on the reviews.",0,synthetic
"In my kitchen, it came out dry and crumbly, and the texture made it even worse. It was one of those dishes that just never recovered.",0,synthetic
"My family thought it was watery and messy. I measured everything carefully. The smell was nice, but the taste did not follow through. I expected a lot more based on the reviews.",0,synthetic
"After making it as written, it was much too salty. I tested it twice with the same result. Something about the proportions seems off. The recipe needs more testing before I would trust it again.",0,synthetic
The flavor of this dish was bland even after extra seasoning. I was careful not to skip any steps. I followed the instructions closely and still would not make it again. This was not a hit in my house.,0,synthetic
"I really wanted this to work, but it was much too salty. The timing in the recipe did not match what actually happened.",0,synthetic
"In the end, it ended up pasty. The ingredients were not cheap, so this was frustrating. This was not a hit in my house.",0,synthetic
The final dish turned out bland and flat. I would not serve this to guests. I had to add too much just to make it decent.,0,synthetic
"Unfortunately, it came out underwhelming. I made only one very small substitution. I do not think the measurements are balanced. I expected a lot more based on the reviews.",0,synthetic
"From the first bite I could tell it tasted bland and strangely watery, and honestly the leftovers were even worse the next day. The cook time felt inaccurate in my oven.",0,synthetic
"From the first bite I could tell the recipe was more trouble than it was worth. I followed the steps as written, so I do not think the problem was on my side. The balance between ingredients was just off from the start.",0,synthetic
"At first I thought this would turn out well, but the middle stayed gummy while the edges dried out. It might work for someone else, but this was a miss in my kitchen. The cook time felt inaccurate in my oven.",0,synthetic
"This was one of those meals where it came out dry no matter how carefully I followed the directions. It looked appealing at first, but the taste did not match the appearance at all. Even my kids, who usually eat anything, pushed it away.",0,synthetic
I knew something was off when it had a bitter aftertaste that ruined it. I measured everything carefully and still would not make it again. The directions could have been clearer because the timing felt off.,0,synthetic
"This looked much better in theory, but the texture was pasty and unpleasant. It might work for someone else, but this was a miss in my kitchen. I do not understand how this gets such positive feedback.",0,synthetic
The texture alone was enough to tell me it was far too salty for a simple weeknight recipe. This is not something I would serve to guests again. I cannot recommend it based on how it turned out for me.,0,synthetic
"Nothing about the final result worked for me because it looked done on top but was not cooked properly inside. It looked appealing at first, but the taste did not match the appearance at all. Maybe reducing the liquid would help, but I am not interested in trying again.",0,synthetic
"This was one of those meals where the ingredients did not blend into a good final dish, and honestly i cannot recommend it based on how it turned out for me. I do not understand how this gets such positive feedback.",0,synthetic
"The smell while cooking was promising, yet the seasoning never came together, and honestly i rarely leave negative reviews, but this one really disappointed me. It needed far more seasoning than the recipe suggests.",0,synthetic
"From the first bite I could tell the final result was mushy instead of comforting, and honestly the leftovers were even worse the next day. It was one of those dishes that sounded better than it tasted.",0,synthetic
"After letting it cool, the sauce separated and left everything tasting odd, and honestly it might work for someone else, but this was a miss in my kitchen. It needed far more seasoning than the recipe suggests.",0,synthetic
"This was one of those meals where the sweetness was overpowering and unbalanced. For the amount of effort involved, the result was not worth it. I expected something comforting and flavorful, not something this dull.",0,synthetic
This was one of those meals where the sweetness was overpowering and unbalanced. Nobody wanted seconds and that says everything.,0,synthetic
"The recipe seemed straightforward, still the final result was mushy instead of comforting. The leftovers were even worse the next day. It might work for someone else, but this was a miss in my kitchen.",0,synthetic
"Even after making a few adjustments, the flavor combination just did not work. I expected something comforting and flavorful, not something this dull. I kept hoping it would improve after resting, but it only got worse.",0,synthetic
"I really wanted to like this, however the sweetness was overpowering and unbalanced. It looked appealing at first, but the taste did not match the appearance at all. I hate wasting ingredients, and this felt like a waste.",0,synthetic
I knew something was off when the final result was mushy instead of comforting. This is not something I would serve to guests again. The cook time felt inaccurate in my oven.,0,synthetic
"The smell while cooking was promising, yet the seasoning never came together. There are easier recipes with much better payoff than this one. I also found the portion sizes a little misleading.",0,synthetic
"Nobody in my house asked for seconds because the middle stayed gummy while the edges dried out. I expected something comforting and flavorful, not something this dull. Even my kids, who usually eat anything, pushed it away.",0,synthetic
"It ended up tasting it had a bitter aftertaste that ruined it. It looked appealing at first, but the taste did not match the appearance at all. There are easier recipes with much better payoff than this one.",0,synthetic
"The recipe seemed straightforward, still it was far too salty for a simple weeknight recipe. I tried to rescue it with extra herbs and cheese, but it still tasted off. Even my kids, who usually eat anything, pushed it away.",0,synthetic
"At first I thought this would turn out well, but it had a bitter aftertaste that ruined it. I ended up throwing out more of it than I actually ate. I also found the portion sizes a little misleading.",0,synthetic
"I served this at dinner and it turned out greasy and messy. I cannot recommend it based on how it turned out for me. I kept hoping it would improve after resting, but it only got worse.",0,synthetic
What came out of my oven was the recipe was more trouble than it was worth. I ended up throwing out more of it than I actually ate. I cannot recommend it based on how it turned out for me.,0,synthetic
"For something with so many good reviews, it tasted bland and strangely watery, and honestly there are easier recipes with much better payoff than this one. I do not understand how this gets such positive feedback.",0,synthetic
"Nothing about the final result worked for me because the sweetness was overpowering and unbalanced. I would definitely skip this and choose another version next time. Maybe reducing the liquid would help, but I am not interested in trying again.",0,synthetic
"The smell while cooking was promising, yet the recipe was more trouble than it was worth, and honestly i kept hoping it would improve after resting, but it only got worse. I also found the portion sizes a little misleading.",0,synthetic
"This looked much better in theory, but it turned out greasy and messy, and honestly i cannot recommend it based on how it turned out for me. Even my kids, who usually eat anything, pushed it away.",0,synthetic
I served this at dinner and the final result was mushy instead of comforting. This is not something I would serve to guests again. It was one of those dishes that sounded better than it tasted.,0,synthetic
"From the first bite I could tell the sweetness was overpowering and unbalanced. I rarely leave negative reviews, but this one really disappointed me. Maybe reducing the liquid would help, but I am not interested in trying again.",0,synthetic
"I knew something was off when the recipe was more trouble than it was worth. I rarely leave negative reviews, but this one really disappointed me. The balance between ingredients was just off from the start.",0,synthetic
"The smell while cooking was promising, yet the seasoning never came together. I rarely leave negative reviews, but this one really disappointed me. My family tried it politely, but most of it went in the trash.",0,synthetic
"The smell while cooking was promising, yet it turned out greasy and messy, and honestly i rarely leave negative reviews, but this one really disappointed me. It needed far more seasoning than the recipe suggests.",0,synthetic
"This was one of those meals where the texture was pasty and unpleasant, and honestly i would definitely skip this and choose another version next time. The balance between ingredients was just off from the start.",0,synthetic
"For something with so many good reviews, the instructions sounded fine but the outcome was disappointing. It might work for someone else, but this was a miss in my kitchen. Maybe reducing the liquid would help, but I am not interested in trying again.",0,synthetic
"After letting it cool, the instructions sounded fine but the outcome was disappointing. The directions could have been clearer because the timing felt off. It was one of those dishes that sounded better than it tasted.",0,synthetic
"Nothing about the final result worked for me because the final result was mushy instead of comforting, and honestly nobody wanted seconds and that says everything. Maybe reducing the liquid would help, but I am not interested in trying again.",0,synthetic
"Even after making a few adjustments, the recipe was more trouble than it was worth, and honestly i usually enjoy recipes like this, which made the result more frustrating. I also found the portion sizes a little misleading.",0,synthetic
"This looked much better in theory, but it looked done on top but was not cooked properly inside. I rarely leave negative reviews, but this one really disappointed me. Maybe reducing the liquid would help, but I am not interested in trying again.",0,synthetic
"Nothing about the final result worked for me because the recipe was more trouble than it was worth, and honestly i measured everything carefully and still would not make it again. Maybe reducing the liquid would help, but I am not interested in trying again.",0,synthetic
My expectations were low by the end because the flavor combination just did not work. The final texture made it hard to enjoy even a small portion. The cook time felt inaccurate in my oven.,0,synthetic
"What came out of my oven was the final result was mushy instead of comforting. I measured everything carefully and still would not make it again. Even my kids, who usually eat anything, pushed it away.",0,synthetic
"I served this at dinner and the instructions sounded fine but the outcome was disappointing, and honestly it looked appealing at first, but the taste did not match the appearance at all. It was one of those dishes that sounded better than it tasted.",0,synthetic
"I served this at dinner and it came out dry no matter how carefully I followed the directions. My family tried it politely, but most of it went in the trash. The balance between ingredients was just off from the start.",0,synthetic
"The recipe seemed straightforward, still the seasoning never came together, and honestly my family tried it politely, but most of it went in the trash. The balance between ingredients was just off from the start.",0,synthetic
"Nothing about the final result worked for me because it turned out greasy and messy. I followed the steps as written, so I do not think the problem was on my side. I also found the portion sizes a little misleading.",0,synthetic
"By the time it was finished, the final result was mushy instead of comforting. There are easier recipes with much better payoff than this one. The balance between ingredients was just off from the start.",0,synthetic
Nobody in my house asked for seconds because the middle stayed gummy while the edges dried out. The directions could have been clearer because the timing felt off. I would definitely skip this and choose another version next time.,0,synthetic
"This looked much better in theory, but it came out dry no matter how carefully I followed the directions. Nobody wanted seconds and that says everything. The cook time felt inaccurate in my oven.",0,synthetic
"I really wanted to like this, however the ingredients did not blend into a good final dish. I usually enjoy recipes like this, which made the result more frustrating. I do not understand how this gets such positive feedback.",0,synthetic
"I tried to save it with extra seasoning, but it never developed the taste or texture I expected, and honestly i would definitely skip this and choose another version next time. Maybe reducing the liquid would help, but I am not interested in trying again.",0,synthetic
"It ended up tasting it had a bitter aftertaste that ruined it, and honestly i kept hoping it would improve after resting, but it only got worse. I do not understand how this gets such positive feedback.",0,synthetic
"After letting it cool, the ingredients did not blend into a good final dish. For the amount of effort involved, the result was not worth it. It looked appealing at first, but the taste did not match the appearance at all.",0,synthetic
"Nobody in my house asked for seconds because it turned out greasy and messy. I measured everything carefully and still would not make it again. I hate wasting ingredients, and this felt like a waste.",0,synthetic
"I really wanted to like this, however it had a bitter aftertaste that ruined it, and honestly there are easier recipes with much better payoff than this one. Maybe reducing the liquid would help, but I am not interested in trying again.",0,synthetic
"This looked much better in theory, but the ingredients did not blend into a good final dish, and honestly i cannot recommend it based on how it turned out for me. The cook time felt inaccurate in my oven.",0,synthetic
"This looked much better in theory, but it turned out greasy and messy. The final texture made it hard to enjoy even a small portion. It needed far more seasoning than the recipe suggests.",0,synthetic
"My expectations were low by the end because it had a bitter aftertaste that ruined it, and honestly my family tried it politely, but most of it went in the trash.",0,synthetic
"This looked much better in theory, but the flavors felt dull and flat. I usually enjoy recipes like this, which made the result more frustrating. I hate wasting ingredients, and this felt like a waste.",0,synthetic
"From the first bite i could tell the middle stayed gummy while the edges dried out. I kept hoping it would improve after resting, but it only got worse. My family tried it politely, but most of it went in the trash.",0,synthetic
"I knew something was off when the recipe was more trouble than it was worth. I kept hoping it would improve after resting, but it only got worse. Even my kids, who usually eat anything, pushed it away.",0,synthetic
"I served this at dinner and the sauce separated and left everything tasting odd, and honestly my family tried it politely, but most of it went in the trash. I do not understand how this gets such positive feedback.",0,synthetic
"From the first bite I could tell the sauce separated and left everything tasting odd, and honestly it looked appealing at first, but the taste did not match the appearance at all. Even my kids, who usually eat anything, pushed it away.",0,synthetic
"By the time it was finished, the flavors felt dull and flat, and honestly for the amount of effort involved, the result was not worth it. Even my kids, who usually eat anything, pushed it away.",0,synthetic
"The recipe seemed straightforward, still the instructions sounded fine but the outcome was disappointing. I rarely leave negative reviews, but this one really disappointed me. It needed far more seasoning than the recipe suggests.",0,synthetic
The texture alone was enough to tell me the seasoning never came together. The final texture made it hard to enjoy even a small portion. The cook time felt inaccurate in my oven.,0,synthetic
"After letting it cool, the ingredients did not blend into a good final dish, and honestly i rarely leave negative reviews, but this one really disappointed me. The cook time felt inaccurate in my oven.",0,synthetic
"The texture alone was enough to tell me it felt heavy, dense, and underwhelming. The leftovers were even worse the next day. The leftovers were even worse the next day.",0,synthetic
"It ended up tasting the final result was mushy instead of comforting. It looked appealing at first, but the taste did not match the appearance at all. I do not understand how this gets such positive feedback.",0,synthetic
"This looked much better in theory, but the flavors felt dull and flat. I would definitely skip this and choose another version next time. It needed far more seasoning than the recipe suggests.",0,synthetic
Nobody in my house asked for seconds because the instructions sounded fine but the outcome was disappointing. This is not something I would serve to guests again. I do not understand how this gets such positive feedback.,0,synthetic
"The texture alone was enough to tell me it lacked flavor even after extra spices. It might work for someone else, but this was a miss in my kitchen. It needed far more seasoning than the recipe suggests.",0,synthetic
"At first I thought this would turn out well, but it turned out greasy and messy. It looked appealing at first, but the taste did not match the appearance at all. The cook time felt inaccurate in my oven.",0,synthetic
"The smell while cooking was promising, yet it felt heavy, dense, and underwhelming. I cannot recommend it based on how it turned out for me. There are easier recipes with much better payoff than this one.",0,synthetic
"It ended up tasting the ingredients did not blend into a good final dish. The directions could have been clearer because the timing felt off. I expected something comforting and flavorful, not something this dull.",0,synthetic
"This was one of those meals where the texture was pasty and unpleasant, and honestly it might work for someone else, but this was a miss in my kitchen. Even my kids, who usually eat anything, pushed it away.",0,synthetic
"Nobody in my house asked for seconds because it lacked flavor even after extra spices. I tried to rescue it with extra herbs and cheese, but it still tasted off. Even my kids, who usually eat anything, pushed it away.",0,synthetic
"I served this at dinner and the ingredients did not blend into a good final dish. It might work for someone else, but this was a miss in my kitchen. I would definitely skip this and choose another version next time.",0,synthetic
"I tried to save it with extra seasoning, but it looked done on top but was not cooked properly inside. I usually enjoy recipes like this, which made the result more frustrating. The cook time felt inaccurate in my oven.",0,synthetic
"What came out of my oven was the middle stayed gummy while the edges dried out. I tried to rescue it with extra herbs and cheese, but it still tasted off. I cannot recommend it based on how it turned out for me.",0,synthetic
"The smell while cooking was promising, yet the sweetness was overpowering and unbalanced, and honestly i tried to rescue it with extra herbs and cheese, but it still tasted off. The cook time felt inaccurate in my oven.",0,synthetic
"At first I thought this would turn out well, but the seasoning never came together. I rarely leave negative reviews, but this one really disappointed me. It was one of those dishes that sounded better than it tasted.",0,synthetic
"I tried to save it with extra seasoning, but the instructions sounded fine but the outcome was disappointing. I would definitely skip this and choose another version next time. The cook time felt inaccurate in my oven.",0,synthetic
"The texture alone was enough to tell me the sweetness was overpowering and unbalanced. I kept hoping it would improve after resting, but it only got worse.",0,synthetic
"By the time it was finished, the flavors felt dull and flat, and honestly i ended up throwing out more of it than i actually ate. It was one of those dishes that sounded better than it tasted.",0,synthetic
"From the first bite i could tell it looked done on top but was not cooked properly inside. I kept hoping it would improve after resting, but it only got worse. I ended up throwing out more of it than I actually ate.",0,synthetic
"I tried to save it with extra seasoning, but it never developed the taste or texture I expected. I ended up throwing out more of it than I actually ate. Even my kids, who usually eat anything, pushed it away.",0,synthetic
"What came out of my oven was the flavor combination just did not work. I usually enjoy recipes like this, which made the result more frustrating. I rarely leave negative reviews, but this one really disappointed me.",0,synthetic
"It ended up tasting the flavor combination just did not work. I rarely leave negative reviews, but this one really disappointed me. It needed far more seasoning than the recipe suggests.",0,synthetic
I served this at dinner and the sweetness was overpowering and unbalanced. The leftovers were even worse the next day. I do not understand how this gets such positive feedback.,0,synthetic
"I really wanted to like this, however the texture was pasty and unpleasant, and honestly i rarely leave negative reviews, but this one really disappointed me. Even my kids, who usually eat anything, pushed it away.",0,synthetic
"The smell while cooking was promising, yet the instructions sounded fine but the outcome was disappointing. The directions could have been clearer because the timing felt off. I do not understand how this gets such positive feedback.",0,synthetic
"My expectations were low by the end because the seasoning never came together. It might work for someone else, but this was a miss in my kitchen. Even my kids, who usually eat anything, pushed it away.",0,synthetic
I knew something was off when the final result was mushy instead of comforting. The final texture made it hard to enjoy even a small portion. This is not something I would serve to guests again.,0,synthetic
"The texture alone was enough to tell me the instructions sounded fine but the outcome was disappointing, and honestly it looked appealing at first, but the taste did not match the appearance at all. I hate wasting ingredients, and this felt like a waste.",0,synthetic
"For something with so many good reviews, the sweetness was overpowering and unbalanced. The leftovers were even worse the next day. Even my kids, who usually eat anything, pushed it away.",0,synthetic
"The texture alone was enough to tell me it felt heavy, dense, and underwhelming, and honestly i expected something comforting and flavorful, not something this dull. I also found the portion sizes a little misleading.",0,synthetic
"Nobody in my house asked for seconds because the recipe was more trouble than it was worth. I measured everything carefully and still would not make it again. Even my kids, who usually eat anything, pushed it away.",0,synthetic
"The smell while cooking was promising, yet the instructions sounded fine but the outcome was disappointing. I kept hoping it would improve after resting, but it only got worse. It was one of those dishes that sounded better than it tasted.",0,synthetic
This ended up being a letdown because the sauce separated and made everything unpleasant. My family tried it and nobody wanted another serving. It needs major changes to be worth another try.,0,synthetic
"This ended up being a letdown because it felt greasy without having much flavor. The appearance was fine, but the taste was not.",0,synthetic
This ended up being a letdown because the whole thing felt bland and unfinished. This is one of those recipes that looks promising and then falls flat.,0,synthetic
"I wanted this to work, yet the whole thing felt bland and unfinished, which made the whole meal disappointing. I followed the recipe closely, so I do not think the issue was user error. It needs major changes to be worth another try.",0,synthetic
"I usually enjoy recipes like this, but the seasoning was unbalanced and too sharp. I followed the recipe closely, so I do not think the issue was user error. I will not be repeating this experiment.",0,synthetic
This ended up being a letdown because the seasoning was unbalanced and too sharp. This is one of those recipes that looks promising and then falls flat.,0,synthetic
"There was something off about it right away because it never developed the flavor I was expecting. I expected something cozy and flavorful, but this missed the mark. I would not serve this to guests.",0,synthetic
"After one bite, it was obvious that it was dense, flat, and not satisfying, which made the whole meal disappointing. It may work for others, but it definitely did not work for me. I was disappointed enough to skip the leftovers.",0,synthetic
"I kept giving it another chance and it never developed the flavor I was expecting, which made the whole meal disappointing. I really do not understand the positive reviews after trying it myself. I would not make this again.",0,synthetic
There was something off about it right away because the timing in the recipe did not match what actually happened. Nothing about the final result made me want to try it again. This did not belong on my keeper list.,0,synthetic
"The instructions seemed fine, although it ended up tasting watery and weak. For the amount of effort involved, the result was frustrating. I cannot recommend it based on how it turned out.",0,synthetic
"The final dish looked decent, but the whole thing felt bland and unfinished. I really do not understand the positive reviews after trying it myself. This did not belong on my keeper list.",0,synthetic
The first thing I noticed was that the final outcome was dull and forgettable. It felt like a waste of time and groceries. I would rather start over with another version.,0,synthetic
"By the end of dinner, it never developed the flavor I was expecting. My family tried it and nobody wanted another serving.",0,synthetic
"I wanted this to work, yet it felt greasy without having much flavor. The appearance was fine, but the taste was not.",0,synthetic
"I do not mind simple food, but it came out much saltier than expected, and honestly the appearance was fine, but the taste was not. I was disappointed enough to skip the leftovers.",0,synthetic
"I rarely complain about recipes, however the final outcome was dull and forgettable. It felt like a waste of time and groceries. I was disappointed enough to skip the leftovers.",0,synthetic
This was disappointing from start to finish because the final outcome was dull and forgettable. There are much better versions of this dish online.,0,synthetic
"The final dish looked decent, but the recipe sounded better than the actual result, which made the whole meal disappointing. I have made similar dishes before with much better results. I would not make this again.",0,synthetic
The first thing I noticed was that it ended up tasting watery and weak. The end result did not justify the ingredients I used. I cannot recommend it based on how it turned out.,0,synthetic
"I had high hopes for this recipe, but the timing in the recipe did not match what actually happened. It felt like a waste of time and groceries. This did not belong on my keeper list.",0,synthetic
"I had high hopes for this recipe, but it was dense, flat, and not satisfying, which made the whole meal disappointing. The leftovers were somehow even less appealing the next day. I was disappointed enough to skip the leftovers.",0,synthetic
What sounded comforting on paper turned into something that the recipe sounded better than the actual result. The end result did not justify the ingredients I used. Next time I will use a different recipe entirely.,0,synthetic
The first thing I noticed was that the texture turned gummy and heavy. The end result did not justify the ingredients I used. This one is a pass for me.,0,synthetic
"I kept giving it another chance and it felt greasy without having much flavor. The appearance was fine, but the taste was not.",0,synthetic
"I usually enjoy recipes like this, but the texture was strangely mushy, which made the whole meal disappointing. This is one of those recipes that looks promising and then falls flat. This did not belong on my keeper list.",0,synthetic
"No matter what I tried, the whole thing felt bland and unfinished. I had to force myself to finish even a small portion. It needs major changes to be worth another try.",0,synthetic
"This was disappointing from start to finish because the final outcome was dull and forgettable. I followed the recipe closely, so I do not think the issue was user error. I was disappointed enough to skip the leftovers.",0,synthetic
"After one bite, it was obvious that the recipe sounded better than the actual result. I followed the recipe closely, so I do not think the issue was user error.",0,synthetic
"I kept giving it another chance and it ended up tasting watery and weak, which made the whole meal disappointing. The appearance was fine, but the taste was not. Next time I will use a different recipe entirely.",0,synthetic
"No matter what I tried, the timing in the recipe did not match what actually happened. The end result did not justify the ingredients I used.",0,synthetic
"The first thing I noticed was that the sauce separated and made everything unpleasant. It may work for others, but it definitely did not work for me.",0,synthetic
"The final dish looked decent, but it felt greasy without having much flavor, and honestly for the amount of effort involved, the result was frustrating. This did not belong on my keeper list.",0,synthetic
"I kept giving it another chance and there was an odd aftertaste that lingered, which made the whole meal disappointing. I followed the recipe closely, so I do not think the issue was user error. This one is a pass for me.",0,synthetic
"I wanted this to work, yet the seasoning was unbalanced and too sharp. Nothing about the final result made me want to try it again.",0,synthetic
"I rarely complain about recipes, however the timing in the recipe did not match what actually happened. This is one of those recipes that looks promising and then falls flat. Next time I will use a different recipe entirely.",0,synthetic
"I do not mind simple food, but it felt greasy without having much flavor. I followed the recipe closely, so I do not think the issue was user error. I would rather start over with another version.",0,synthetic
"What sounded comforting on paper turned into something that it felt greasy without having much flavor, which made the whole meal disappointing. Even with extra seasoning, it never really improved. This did not belong on my keeper list.",0,synthetic
"I had high hopes for this recipe, but the overall result just was not enjoyable, which made the whole meal disappointing. Nothing about the final result made me want to try it again. I was disappointed enough to skip the leftovers.",0,synthetic
"No matter what I tried, the dish came out dry around the edges and soggy in the middle. The end result did not justify the ingredients I used. I will not be repeating this experiment.",0,synthetic
"What sounded comforting on paper turned into something that the texture was strangely mushy, and honestly there are much better versions of this dish online. I was disappointed enough to skip the leftovers.",0,synthetic
"I could not get past the fact that it felt greasy without having much flavor, which made the whole meal disappointing. For the amount of effort involved, the result was frustrating. It needs major changes to be worth another try.",0,synthetic
"The final dish looked decent, but the whole thing felt bland and unfinished. The appearance was fine, but the taste was not. It needs major changes to be worth another try.",0,synthetic
"After one bite, it was obvious that it tasted far too sweet for what it was supposed to be. The leftovers were somehow even less appealing the next day.",0,synthetic
"This ended up being a letdown because it felt greasy without having much flavor. For the amount of effort involved, the result was frustrating.",0,synthetic
"No matter what I tried, the final outcome was dull and forgettable. I had to force myself to finish even a small portion. This one is a pass for me.",0,synthetic
"The final dish looked decent, but the final outcome was dull and forgettable, and honestly i had to force myself to finish even a small portion. I would rather start over with another version.",0,synthetic
My biggest issue with this was that it ended up tasting watery and weak. I had to force myself to finish even a small portion. I would not serve this to guests.,0,synthetic
"I could not get past the fact that it tasted far too sweet for what it was supposed to be, and honestly i followed the recipe closely, so i do not think the issue was user error. It needs major changes to be worth another try.",0,synthetic
"I do not mind simple food, but the timing in the recipe did not match what actually happened, and honestly for the amount of effort involved, the result was frustrating. I was disappointed enough to skip the leftovers.",0,synthetic
"What sounded comforting on paper turned into something that the texture was strangely mushy. Even with extra seasoning, it never really improved. I would not make this again.",0,synthetic
"I kept giving it another chance and the overall result just was not enjoyable. I tried adjusting it while cooking, but the problems were already there.",0,synthetic
"I usually enjoy recipes like this, but it came out much saltier than expected, and honestly my family tried it and nobody wanted another serving. I would not serve this to guests.",0,synthetic
There was something off about it right away because the texture was strangely mushy. I have made similar dishes before with much better results. I would not make this again.,0,synthetic
"I do not mind simple food, but the whole thing felt bland and unfinished, which made the whole meal disappointing. There are much better versions of this dish online. I would not make this again.",0,synthetic
I could not get past the fact that it ended up tasting watery and weak. There are much better versions of this dish online. I was disappointed enough to skip the leftovers.,0,synthetic
"I wanted this to work, yet the ingredients never really came together. It may work for others, but it definitely did not work for me. I cannot recommend it based on how it turned out.",0,synthetic
"Even before it finished cooking, I suspected the timing in the recipe did not match what actually happened, which made the whole meal disappointing. The appearance was fine, but the taste was not. I would not serve this to guests.",0,synthetic
The first thing I noticed was that it felt greasy without having much flavor. I have made similar dishes before with much better results. I was disappointed enough to skip the leftovers.,0,synthetic
"It was hard to enjoy this because the recipe sounded better than the actual result, and honestly i have made similar dishes before with much better results. This did not belong on my keeper list.",0,synthetic
"I do not mind simple food, but the texture turned gummy and heavy. There are much better versions of this dish online. This one is a pass for me.",0,synthetic
"I wanted this to work, yet there was an odd aftertaste that lingered. My family tried it and nobody wanted another serving. It needs major changes to be worth another try.",0,synthetic
"There was something off about it right away because it was dense, flat, and not satisfying, and honestly the appearance was fine, but the taste was not. I would not make this again.",0,synthetic
"There was something off about it right away because the ingredients never really came together. I do not usually throw food away, but I came close with this one.",0,synthetic
"What sounded comforting on paper turned into something that there was an odd aftertaste that lingered, and honestly it may work for others, but it definitely did not work for me. I would not make this again.",0,synthetic
My biggest issue with this was that it came out much saltier than expected. I have made similar dishes before with much better results. This did not belong on my keeper list.,0,synthetic
"I usually enjoy recipes like this, but the timing in the recipe did not match what actually happened. There are much better versions of this dish online. I cannot recommend it based on how it turned out.",0,synthetic
"This ended up being a letdown because the ingredients never really came together, and honestly this is one of those recipes that looks promising and then falls flat. I was disappointed enough to skip the leftovers.",0,synthetic
"No matter what I tried, the final outcome was dull and forgettable. The end result did not justify the ingredients I used. This did not belong on my keeper list.",0,synthetic
"My biggest issue with this was that it ended up tasting watery and weak, and honestly the end result did not justify the ingredients i used. I would not serve this to guests.",0,synthetic
"I usually enjoy recipes like this, but the dish came out dry around the edges and soggy in the middle, which made the whole meal disappointing. I kept hoping the next bite would be better, but it never was. This did not belong on my keeper list.",0,synthetic
What sounded comforting on paper turned into something that the seasoning was unbalanced and too sharp. There are much better versions of this dish online. Next time I will use a different recipe entirely.,0,synthetic
This was disappointing from start to finish because the balance of ingredients seemed off from the start. This is one of those recipes that looks promising and then falls flat. I would not make this again.,0,synthetic
"What sounded comforting on paper turned into something that the dish came out dry around the edges and soggy in the middle. I kept hoping the next bite would be better, but it never was. This one is a pass for me.",0,synthetic
"There was something off about it right away because there was an odd aftertaste that lingered, and honestly it felt like a waste of time and groceries. I would not make this again.",0,synthetic
"No matter what I tried, the final outcome was dull and forgettable. My family tried it and nobody wanted another serving.",0,synthetic
"My biggest issue with this was that there was an odd aftertaste that lingered. Even with extra seasoning, it never really improved.",0,synthetic
"This was disappointing from start to finish because the seasoning was unbalanced and too sharp. I followed the recipe closely, so I do not think the issue was user error. I will not be repeating this experiment.",0,synthetic
"The instructions seemed fine, although it came out much saltier than expected. For the amount of effort involved, the result was frustrating. I would not make this again.",0,synthetic
"No matter what I tried, it came out much saltier than expected, which made the whole meal disappointing. I tried adjusting it while cooking, but the problems were already there. This one is a pass for me.",0,synthetic
"I had high hopes for this recipe, but the overall result just was not enjoyable, which made the whole meal disappointing. The appearance was fine, but the taste was not. I would not serve this to guests.",0,synthetic
"The instructions seemed fine, although the texture was strangely mushy, which made the whole meal disappointing. This is one of those recipes that looks promising and then falls flat. It needs major changes to be worth another try.",0,synthetic
"After one bite, it was obvious that the texture was strangely mushy, which made the whole meal disappointing. I really do not understand the positive reviews after trying it myself. I would not make this again.",0,synthetic
"I had high hopes for this recipe, but the ingredients never really came together, which made the whole meal disappointing. My family tried it and nobody wanted another serving. It needs major changes to be worth another try.",0,synthetic
"What sounded comforting on paper turned into something that the final outcome was dull and forgettable, and honestly i kept hoping the next bite would be better, but it never was. I would rather start over with another version.",0,synthetic
"I usually enjoy recipes like this, but the seasoning was unbalanced and too sharp. There are much better versions of this dish online. I will not be repeating this experiment.",0,synthetic
"I do not mind simple food, but the ingredients never really came together. The appearance was fine, but the taste was not. Next time I will use a different recipe entirely.",0,synthetic
"I had high hopes for this recipe, but the sauce separated and made everything unpleasant. I followed the recipe closely, so I do not think the issue was user error.",0,synthetic
I could not get past the fact that it tasted far too sweet for what it was supposed to be. This is one of those recipes that looks promising and then falls flat.,0,synthetic
"No matter what I tried, the seasoning was unbalanced and too sharp. The end result did not justify the ingredients I used.",0,synthetic
This was disappointing from start to finish because the sauce separated and made everything unpleasant. I have made similar dishes before with much better results.,0,synthetic
"I kept giving it another chance and the timing in the recipe did not match what actually happened. I kept hoping the next bite would be better, but it never was.",0,synthetic
"After one bite, it was obvious that the ingredients never really came together. This is not a recipe I would keep in rotation. This one is a pass for me.",0,synthetic
"No matter what I tried, the overall result just was not enjoyable. I kept hoping the next bite would be better, but it never was.",0,synthetic
"I could not get past the fact that the texture turned gummy and heavy, and honestly it felt like a waste of time and groceries. I would not make this again.",0,synthetic
"I wanted this to work, yet the flavor was weak and almost nonexistent, and honestly i have made similar dishes before with much better results. Next time I will use a different recipe entirely.",0,synthetic
"I rarely complain about recipes, however the sauce separated and made everything unpleasant. I have made similar dishes before with much better results.",0,synthetic
"The first thing I noticed was that the flavor was weak and almost nonexistent. I kept hoping the next bite would be better, but it never was.",0,synthetic
"It was hard to enjoy this because the dish came out dry around the edges and soggy in the middle. The appearance was fine, but the taste was not.",0,synthetic
"Even before it finished cooking, I suspected the timing in the recipe did not match what actually happened. I really do not understand the positive reviews after trying it myself.",0,synthetic
Way too salty for us.,0,
"Dry, dull, and disappointing. Really disappointed.",0,
Way too salty for us. I will skip this one next time.,0,
Not worth the ingredients. I expected better.,0,
Too bland. Would not repeat.,0,
"Dry, dull, and disappointing. I will skip this one next time.",0,
Texture was weird the whole time. Really disappointed.,0,
"Dry, dull, and disappointing. I expected better.",0,
Too bland. Would not repeat. Really disappointed.,0,
My batch never set properly. Not for me.,0,
"Dry, dull, and disappointing. Not for me.",0,
Way too salty for us. I expected better.,0,
Not worth the ingredients. I expected comfort food and got something pretty frustrating instead.,0,
Confusing recipe and poor result. I will skip this one next time.,0,
Far too sweet for dinner.,0,
Not worth the ingredients. Not for me.,0,
"Dry, dull, and disappointing. I would not make this again without major changes.",0,
"Dry, dull, and disappointing.",0,
The timing was completely off. I expected better.,0,
"Looked good, tasted bad. Not for me.",0,
Way too salty for us. I would rather start over with a different recipe next time.,0,
"Looked good, tasted bad. It sounded simple, but the final taste was not worth the effort.",0,
The timing was completely off. I will skip this one next time.,0,
My batch never set properly.,0,
Too bland. Would not repeat. Not for me.,0,
The timing was completely off.,0,
"Dry, dull, and disappointing. This needed a lot more testing before being published.",0,
Confusing recipe and poor result. Really disappointed.,0,
"Looked good, tasted bad. Really disappointed.",0,
"Not worth the ingredients. I tried to salvage it, but there was only so much I could do.",0,
Texture was weird the whole time. This needed a lot more testing before being published.,0,
"Looked good, tasted bad. The texture looked fine at first, but eating it was another story.",0,
Not worth the ingredients.,0,
Far too sweet for dinner. I will skip this one next time.,0,
Texture was weird the whole time. Not for me.,0,
The timing was completely off. I have made similar recipes before and this one was the weakest by far.,0,
Too bland. Would not repeat. I expected comfort food and got something pretty frustrating instead.,0,
Texture was weird the whole time.,0,
Texture was weird the whole time. I will skip this one next time.,0,
"Looked good, tasted bad. It looked promising on paper, but the result was a letdown.",0,
"Confusing recipe and poor result. Even after adding extra seasoning, it still tasted dull.",0,
"Dry, dull, and disappointing. My family took a few bites and left most of it on the plate.",0,
Way too salty for us. This needed a lot more testing before being published.,0,
"Looked good, tasted bad. This needed a lot more testing before being published.",0,
Not worth the ingredients. I do not understand the high ratings after trying it myself.,0,
"The timing was completely off. I tried to salvage it, but there was only so much I could do.",0,
"Confusing recipe and poor result. I measured carefully, so I do not think it was user error.",0,
"My batch never set properly. Even after adding extra seasoning, it still tasted dull.",0,
Not worth the ingredients. Really disappointed.,0,
"Dry, dull, and disappointing. The ingredient ratios seemed off from the start.",0,
Texture was weird the whole time. The end result did not match the picture or description at all.,0,
Texture was weird the whole time. The cook time listed was not even close in my kitchen.,0,
Far too sweet for dinner. I kept checking the directions because something felt wrong.,0,
My batch never set properly. I do not understand the high ratings after trying it myself.,0,
Confusing recipe and poor result.,0,
Too bland. Would not repeat. I expected better.,0,
Way too salty for us. Really disappointed.,0,
Confusing recipe and poor result. The cook time listed was not even close in my kitchen.,0,
Confusing recipe and poor result. The end result did not match the picture or description at all.,0,
Way too salty for us. My family took a few bites and left most of it on the plate.,0,
"To be honest, it turned out soggy. I do not understand the high ratings after trying it myself.",0,
"Unfortunately, it tasted watered down. Even after adding extra seasoning, it still tasted dull. I suspect the temperature should be lower.",0,
I followed this closely and the edges overcooked fast. The cook time listed was not even close in my kitchen. Next time I would cut the salt in half.,0,
"For us, it did not cook evenly. My family took a few bites and left most of it on the plate. Next time I would cut the salt in half.",0,
"For us, it came out bland. I really wanted this to be a keeper, but it missed the mark. It might improve with more acid and fresh herbs.",0,
"For us, it lacked seasoning. I tried to salvage it, but there was only so much I could do. It might improve with more acid and fresh herbs.",0,
"I rarely leave bad reviews, but it was greasy and heavy. My family took a few bites and left most of it on the plate. It needs more structure and clearer steps. It needs more structure and clearer steps.",0,
"For us, the timing felt completely wrong. I kept checking the directions because something felt wrong. I would definitely change the spice blend if I tried it again. The method needs to be rewritten more clearly.",0,
It did not cook evenly. The ingredient ratios seemed off from the start.,0,
"Sadly, the recipe felt unbalanced. I kept checking the directions because something felt wrong. I would definitely change the spice blend if I tried it again.",0,
"Not my favorite, the instructions were confusing. The texture looked fine at first, but eating it was another story. I suspect the temperature should be lower.",0,
"For us, the flavor was flat. It looked promising on paper, but the result was a letdown. It could probably work with a much shorter bake time.",0,
"I wanted to like this, but it was way too salty. I measured carefully, so I do not think it was user error. A thicker sauce would have helped a lot. It could probably work with a much shorter bake time.",0,
"Not my favorite, it was much too sweet. I expected comfort food and got something pretty frustrating instead. A thicker sauce would have helped a lot.",0,
"I had high hopes, but the timing felt completely wrong. My family took a few bites and left most of it on the plate. I think it needs less liquid and more seasoning.",0,
"This did not work for me, the recipe felt unbalanced. I do not understand the high ratings after trying it myself. A thicker sauce would have helped a lot. It might improve with more acid and fresh herbs.",0,
"For us, the final result was disappointing. Something in the balance of ingredients just did not work. A thicker sauce would have helped a lot. I think it needs less liquid and more seasoning.",0,
It came out bland. The leftovers were somehow even worse the next day.,0,
The sauce never came together. I would rather start over with a different recipe next time.,0,
"Unfortunately, the sauce never came together. Even after adding extra seasoning, it still tasted dull. I think it needs less liquid and more seasoning.",0,
"I followed this closely and the timing felt completely wrong. The texture looked fine at first, but eating it was another story.",0,
"I followed this closely and it was much too sweet. It sounded simple, but the final taste was not worth the effort. Maybe reducing the sugar would help.",0,
"To be honest, it tasted watered down. I have made similar recipes before and this one was the weakest by far.",0,
"It tasted watered down. It looked promising on paper, but the result was a letdown.",0,
The taste was strangely bitter. I expected comfort food and got something pretty frustrating instead. The method needs to be rewritten more clearly.,0,
"It was greasy and heavy. I really wanted this to be a keeper, but it missed the mark.",0,
"I wanted to like this, but it came out bland. I do not understand the high ratings after trying it myself. Next time I would cut the salt in half.",0,
"Not my favorite, the sauce never came together. The ingredient ratios seemed off from the start. I would definitely change the spice blend if I tried it again.",0,
The instructions were confusing. I do not understand the high ratings after trying it myself.,0,
"For us, it was much too sweet. I do not understand the high ratings after trying it myself. The method needs to be rewritten more clearly.",0,
"For us, the instructions were confusing. I tried to salvage it, but there was only so much I could do. A thicker sauce would have helped a lot.",0,
The sauce never came together. Something in the balance of ingredients just did not work.,0,
"I followed this closely and it was much too sweet. I really wanted this to be a keeper, but it missed the mark.",0,
"I wanted to like this, but the spices were overpowering. I would rather start over with a different recipe next time. Maybe reducing the sugar would help.",0,
"To be honest, it ended up dry. Even after adding extra seasoning, it still tasted dull. Next time I would cut the salt in half. I suspect the temperature should be lower.",0,
"This did not work for me, the sauce never came together. Something in the balance of ingredients just did not work.",0,
I followed this closely and it lacked seasoning. The cook time listed was not even close in my kitchen.,0,
"I followed this closely and it turned out soggy. I really wanted this to be a keeper, but it missed the mark. Maybe reducing the sugar would help.",0,
"I followed this closely and the middle stayed undercooked. I really wanted this to be a keeper, but it missed the mark.",0,
"For us, the sauce never came together. It looked promising on paper, but the result was a letdown. I suspect the temperature should be lower.",0,
I followed this closely and it lacked seasoning. I expected comfort food and got something pretty frustrating instead.,0,
The texture was off. I would not make this again without major changes. I would definitely change the spice blend if I tried it again.,0,
"Unfortunately, it ended up dry. The end result did not match the picture or description at all.",0,
"I had high hopes, but the sauce never came together. I have made similar recipes before and this one was the weakest by far.",0,
"I had high hopes, but it tasted watered down. Something in the balance of ingredients just did not work. Next time I would cut the salt in half.",0,
I followed this closely and the flavor was flat. The leftovers were somehow even worse the next day.,0,
"For us, it was greasy and heavy. The end result did not match the picture or description at all. I suspect the temperature should be lower. The method needs to be rewritten more clearly.",0,
"I had high hopes, but it did not cook evenly. I tried to salvage it, but there was only so much I could do.",0,
"For us, the flavor was flat. I tried to salvage it, but there was only so much I could do. It needs more structure and clearer steps.",0,
"I had high hopes, but it ended up dry. It sounded simple, but the final taste was not worth the effort. The method needs to be rewritten more clearly.",0,
"This did not work for me, it did not cook evenly. I have made similar recipes before and this one was the weakest by far. The method needs to be rewritten more clearly. The method needs to be rewritten more clearly.",0,
"This did not work for me, the flavor was flat. It looked promising on paper, but the result was a letdown.",0,
"Sadly, it came out bland. Even after adding extra seasoning, it still tasted dull. Maybe reducing the sugar would help. Next time I would cut the salt in half.",0,
"To be honest, it ended up dry. This needed a lot more testing before being published. It might improve with more acid and fresh herbs.",0,
"I followed this closely and the final result was disappointing. The texture looked fine at first, but eating it was another story.",0,
"I wanted to like this, but it was way too salty. Something in the balance of ingredients just did not work. Next time I would cut the salt in half.",0,
I followed this closely and it was much too sweet. The ingredient ratios seemed off from the start.,0,
"I wanted to like this, but it was greasy and heavy. I measured carefully, so I do not think it was user error.",0,
"For us, the final result was disappointing. The ingredient ratios seemed off from the start. A thicker sauce would have helped a lot.",0,
I followed this closely and it was way too salty. I do not understand the high ratings after trying it myself.,0,
"I had high hopes, but it turned out soggy. I really wanted this to be a keeper, but it missed the mark. It could probably work with a much shorter bake time.",0,
I followed this closely and the sauce never came together. Something in the balance of ingredients just did not work. Maybe reducing the sugar would help.,0,
"It lacked seasoning. It sounded simple, but the final taste was not worth the effort.",0,
The edges overcooked fast. I have made similar recipes before and this one was the weakest by far.,0,
The timing felt completely wrong. I would rather start over with a different recipe next time.,0,
"Sadly, it lacked seasoning. I do not understand the high ratings after trying it myself. I suspect the temperature should be lower.",0,
"I followed this closely and the middle stayed undercooked. Even after adding extra seasoning, it still tasted dull. The method needs to be rewritten more clearly.",0,
The final result was disappointing. This needed a lot more testing before being published.,0,
"For us, the final result was disappointing. It sounded simple, but the final taste was not worth the effort. It could probably work with a much shorter bake time. Maybe reducing the sugar would help.",0,
"Not my favorite, it was way too salty. It looked promising on paper, but the result was a letdown. I think it needs less liquid and more seasoning. I suspect the temperature should be lower.",0,
"For us, it was greasy and heavy. I would not make this again without major changes. It might improve with more acid and fresh herbs.",0,
"Not my favorite, it turned out soggy. I would not make this again without major changes. Next time I would cut the salt in half.",0,
"It came out bland. It looked promising on paper, but the result was a letdown.",0,
I followed this closely and the flavor was flat. Something in the balance of ingredients just did not work.,0,
It came out bland. I expected comfort food and got something pretty frustrating instead. It might improve with more acid and fresh herbs.,0,
I followed this closely and the taste was strangely bitter. My family took a few bites and left most of it on the plate. It needs more structure and clearer steps.,0,
"To be honest, it was way too salty. It looked promising on paper, but the result was a letdown.",0,
"I followed the recipe and it tasted watered down. It sounded simple, but the final taste was not worth the effort. I suspect the temperature should be lower. It needs more structure and clearer steps.",0,
It was greasy and heavy. My family took a few bites and left most of it on the plate.,0,
"To be honest, the timing felt completely wrong. The ingredient ratios seemed off from the start. I think it needs less liquid and more seasoning. A thicker sauce would have helped a lot.",0,
"Honestly, the sauce never came together. It sounded simple, but the final taste was not worth the effort. It needs more structure and clearer steps.",0,
"I wanted to like this, but the instructions were confusing. It sounded simple, but the final taste was not worth the effort. It might improve with more acid and fresh herbs.",0,
"For us, the sauce never came together. I measured carefully, so I do not think it was user error. A thicker sauce would have helped a lot. I think it needs less liquid and more seasoning.",0,
"Sadly, it came out bland. The texture looked fine at first, but eating it was another story. It could probably work with a much shorter bake time.",0,
"It was way too salty. It sounded simple, but the final taste was not worth the effort.",0,
"For us, the edges overcooked fast. It sounded simple, but the final taste was not worth the effort. It might improve with more acid and fresh herbs.",0,
"The timing felt completely wrong. Even after adding extra seasoning, it still tasted dull. It needs more structure and clearer steps.",0,
"I wanted to like this, but the taste was strangely bitter. My family took a few bites and left most of it on the plate.",0,
The taste was strangely bitter. I do not understand the high ratings after trying it myself.,0,
It did not cook evenly. I have made similar recipes before and this one was the weakest by far.,0,
"I followed this closely and the instructions were confusing. I tried to salvage it, but there was only so much I could do. It might improve with more acid and fresh herbs.",0,
"It was way too salty. I tried to salvage it, but there was only so much I could do.",0,
"For us, the sauce never came together. My family took a few bites and left most of it on the plate. Maybe reducing the sugar would help.",0,
I followed this closely and it came out bland. I kept checking the directions because something felt wrong.,0,
"I followed this closely and it was way too salty. Even after adding extra seasoning, it still tasted dull.",0,
"The flavor was flat. It looked promising on paper, but the result was a letdown. It might improve with more acid and fresh herbs.",0,
"Unfortunately, the edges overcooked fast. I would not make this again without major changes.",0,
"I followed this closely and it lacked seasoning. It sounded simple, but the final taste was not worth the effort. Maybe reducing the sugar would help.",0,
"For us, the texture was off. I expected comfort food and got something pretty frustrating instead. The method needs to be rewritten more clearly. A thicker sauce would have helped a lot.",0,
"I wanted to like this, but the instructions were confusing. Something in the balance of ingredients just did not work.",0,
"This did not work for me, the recipe felt unbalanced. This needed a lot more testing before being published. I would definitely change the spice blend if I tried it again. A thicker sauce would have helped a lot.",0,
I followed this closely and it was much too sweet. The end result did not match the picture or description at all.,0,
"Not my favorite, the edges overcooked fast. I tried to salvage it, but there was only so much I could do.",0,
"I followed this closely and it ended up dry. I really wanted this to be a keeper, but it missed the mark. It might improve with more acid and fresh herbs.",0,
"I followed the recipe and the middle stayed undercooked. Even after adding extra seasoning, it still tasted dull.",0,
"This did not work for me, the timing felt completely wrong. I have made similar recipes before and this one was the weakest by far.",0,
It tasted watered down. I have made similar recipes before and this one was the weakest by far.,0,
"For us, it lacked seasoning. I would not make this again without major changes. Maybe reducing the sugar would help.",0,
"Sadly, the middle stayed undercooked. The texture looked fine at first, but eating it was another story.",0,
The instructions were confusing. The leftovers were somehow even worse the next day.,0,
"For us, the taste was strangely bitter. The texture looked fine at first, but eating it was another story. I think it needs less liquid and more seasoning. It needs more structure and clearer steps.",0,
"For us, the edges overcooked fast. Something in the balance of ingredients just did not work. I think it needs less liquid and more seasoning. It could probably work with a much shorter bake time.",0,
The middle stayed undercooked. I would not make this again without major changes. I suspect the temperature should be lower.,0,
"For us, the sauce never came together. I expected comfort food and got something pretty frustrating instead. I suspect the temperature should be lower.",0,
I followed this closely and it was way too salty. The end result did not match the picture or description at all.,0,
"The flavor was flat. I tried to salvage it, but there was only so much I could do. Next time I would cut the salt in half.",0,
I followed this closely and it lacked seasoning. I would rather start over with a different recipe next time. Maybe reducing the sugar would help.,0,
It was way too salty. My family took a few bites and left most of it on the plate.,0,
"For us, it ended up dry. The ingredient ratios seemed off from the start. It could probably work with a much shorter bake time. The method needs to be rewritten more clearly.",0,
"Unfortunately, the recipe felt unbalanced. The leftovers were somehow even worse the next day. A thicker sauce would have helped a lot.",0,
"I wanted to like this, but the edges overcooked fast. I would not make this again without major changes. I would definitely change the spice blend if I tried it again.",0,
"Unfortunately, it lacked seasoning. I tried to salvage it, but there was only so much I could do.",0,
"I wanted to like this, but the recipe felt unbalanced. I measured carefully, so I do not think it was user error.",0,
"For us, the final result was disappointing. I measured carefully, so I do not think it was user error. Maybe reducing the sugar would help.",0,
"For us, it was greasy and heavy. The end result did not match the picture or description at all. It might improve with more acid and fresh herbs.",0,
It was way too salty. The cook time listed was not even close in my kitchen.,0,
I followed this closely and it was way too salty. The end result did not match the picture or description at all. I suspect the temperature should be lower.,0,
"For us, the taste was strangely bitter. The cook time listed was not even close in my kitchen. The method needs to be rewritten more clearly.",0,
"For us, the timing felt completely wrong. My family took a few bites and left most of it on the plate. I would definitely change the spice blend if I tried it again. I suspect the temperature should be lower.",0,
"The final result was disappointing. It looked promising on paper, but the result was a letdown. It could probably work with a much shorter bake time.",0,
"This did not work for me, the texture was off. I kept checking the directions because something felt wrong.",0,
It ended up dry. Something in the balance of ingredients just did not work. A thicker sauce would have helped a lot.,0,
"For us, it lacked seasoning. I have made similar recipes before and this one was the weakest by far. I think it needs less liquid and more seasoning.",0,
"I wanted to like this, but it ended up dry. The cook time listed was not even close in my kitchen. I think it needs less liquid and more seasoning.",0,
"Unfortunately, the flavor was flat. The leftovers were somehow even worse the next day.",0,
"I wanted to like this, but it came out bland. The cook time listed was not even close in my kitchen. The method needs to be rewritten more clearly.",0,
"I followed this closely and the final result was disappointing. I really wanted this to be a keeper, but it missed the mark. A thicker sauce would have helped a lot.",0,
"For us, the spices were overpowering. I would not make this again without major changes. I suspect the temperature should be lower.",0,
"This did not work for me, it tasted watered down. I do not understand the high ratings after trying it myself.",0,
